email,label
 date wed NUMBER aug NUMBER NUMBER NUMBER NUMBER NUMBER from chris garrigues cwg dated NUMBER NUMBERfaNUMBERd deepeddy com message id NUMBER NUMBER tmda deepeddy vircio com i can t reproduce this error for me it is very repeatable like every time without fail this is the debug log of the pick happening NUMBER NUMBER NUMBER pick_it exec pick inbox list lbrace lbrace subject ftp rbrace rbrace NUMBER NUMBER sequence mercury NUMBER NUMBER NUMBER exec pick inbox list lbrace lbrace subject ftp rbrace rbrace NUMBER NUMBER sequence mercury NUMBER NUMBER NUMBER ftoc_pickmsgs NUMBER hit NUMBER NUMBER NUMBER marking NUMBER hits NUMBER NUMBER NUMBER tkerror syntax error in expression int note if i run the pick command by hand delta pick inbox list lbrace lbrace subject ftp rbrace rbrace NUMBER NUMBER sequence mercury NUMBER hit that s where the NUMBER hit comes from obviously the version of nmh i m using is delta pick version pick nmh NUMBER NUMBER NUMBER compiled on URL at sun mar NUMBER NUMBER NUMBER NUMBER ict NUMBER and the relevant part of my mh_profile delta mhparam pick seq sel list since the pick command works the sequence actually both of them the one that s explicit on the command line from the search popup and the one that comes from mh_profile do get created kre ps this is still using the version of the code form a day ago i haven t been able to reach the cvs repository today local routing issue i think _______________________________________________ exmh workers mailing list exmh workers URL URL ,0
martin a posted tassos papadopoulos the greek sculptor behind the plan judged that the limestone of mount kerdylio NUMBER miles east of salonika and not far from the mount athos monastic community was ideal for the patriotic sculpture as well as alexander s granite features NUMBER ft high and NUMBER ft wide a museum a restored amphitheatre and car park for admiring crowds are planned so is this mountain limestone or granite if it s limestone it ll weather pretty fast yahoo groups sponsor NUMBER dvds free s p join now URL to unsubscribe from this group send an email to forteana unsubscribe URL your use of yahoo groups is subject to URL ,0
man threatens explosion in moscow thursday august NUMBER NUMBER NUMBER NUMBER pm moscow ap security officers on thursday seized an unidentified man who said he was armed with explosives and threatened to blow up his truck in front of russia s federal security services headquarters in moscow ntv television reported the officers seized an automatic rifle the man was carrying then the man got out of the truck and was taken into custody ntv said no other details were immediately available the man had demanded talks with high government officials the interfax and itar tass news agencies said ekho moskvy radio reported that he wanted to talk with russian president vladimir putin police and security forces rushed to the security service building within blocks of the kremlin red square and the bolshoi ballet and surrounded the man who claimed to have one and a half tons of explosives the news agencies said negotiations continued for about one and a half hours outside the building itar tass and interfax reported citing witnesses the man later drove away from the building under police escort and drove to a street near moscow s olympic penta hotel where authorities held further negotiations with him the moscow police press service said the move appeared to be an attempt by security services to get him to a more secure location yahoo groups sponsor NUMBER dvds free s p join now URL to unsubscribe from this group send an email to forteana unsubscribe URL your use of yahoo groups is subject to URL ,0
klez the virus that won t die already the most prolific virus ever klez continues to wreak havoc andrew brandt from the september NUMBER issue of pc world magazine posted thursday august NUMBER NUMBER the klez worm is approaching its seventh month of wriggling across the web making it one of the most persistent viruses ever and experts warn that it may be a harbinger of new viruses that use a combination of pernicious approaches to go from pc to pc antivirus software makers symantec and mcafee both report more than NUMBER new infections daily with no sign of letup at press time the british security firm messagelabs estimates that NUMBER in every NUMBER e mail messages holds a variation of the klez virus and says that klez has already surpassed last summer s sircam as the most prolific virus ever and some newer klez variants aren t merely nuisances they can carry other viruses in them that corrupt your data URL _______________________________________________ irregulars mailing list irregulars URL URL ,0
 in adding cream to spaghetti carbonara which has the same effect on pasta as making a pizza a deep pie i just had to jump in here as carbonara is one of my favourites to make and ask what the hell are you supposed to use instead of cream i ve never seen a recipe that hasn t used this personally i use low fat creme fraiche because it works quite nicely but the only time i ve seen an supposedly authentic recipe for carbonara it was identical to mine cream eggs and lots of fresh parmesan except for the creme fraiche stew stewart smith scottish microelectronics centre university of edinburgh URL yahoo groups sponsor NUMBER dvds free s p join now URL to unsubscribe from this group send an email to forteana unsubscribe URL your use of yahoo groups is subject to URL ,0
 i just had to jump in here as carbonara is one of my favourites to make and ask what the hell are you supposed to use instead of cream isn t it just basically a mixture of beaten egg and bacon or pancetta really you mix in the raw egg to the cooked pasta and the heat of the pasta cooks the egg that s my understanding martin yahoo groups sponsor NUMBER dvds free s p join now URL to unsubscribe from this group send an email to forteana unsubscribe URL your use of yahoo groups is subject to URL ,0
 and no it wasnt me even though the spellingis oddly familar not that this is news to forks but URL randomising letters in the middle of words has little or no effect on the ability of skilled readers to understand the text this is easy to denmtrasote in a pubiltacion of new scnieitst you could ramdinose all the letetrs keipeng the first two and last two the same and reibadailty would hadrly be aftcfeed my ansaylis did not come to much beucase the thoery at the time was for shape and senqeuce retigcionon saberi s work sugsegts we may have some pofrweul palrlael prsooscers at work the resaon for this is suerly that idnetiyfing coentnt by paarllel prseocsing speeds up regnicoiton we only need the first and last two letetrs to spot chganes in meniang dave ,0
dave long writes and no it wasnt me even though the spellingis oddly familar not that this is news to forks but URL randomising letters in the middle of words has little or no effect on the ability of skilled readers to understand the text this is easy to denmtrasote in a pubiltacion of new scnieitst you could ramdinose all the letetrs keipeng the first two and last two the same and reibadailty would hadrly be aftcfeed my ansaylis did not come to much beucase the thoery at the time was for shape and senqeuce retigcionon saberi s work sugsegts we may have some pofrweul palrlael prsooscers at work the resaon for this is suerly that idnetiyfing coentnt by paarllel prseocsing speeds up regnicoiton we only need the first and last two letetrs to spot chganes in meniang hmm there s probably a patentable input method for touch tone keypads in there somewhere gordon ,0
on thu NUMBER NUMBER NUMBER at NUMBER NUMBER dave long wrote URL randomising letters in the middle of words has little or no effect on the ability of skilled readers to understand the text this is easy to denmtrasote in a pubiltacion of new scnieitst you could ramdinose all the letetrs keipeng the first two and last two the same and reibadailty would hadrly be aftcfeed my ansaylis did not come to much beucase the thoery at the time was for shape and senqeuce retigcionon saberi s work sugsegts we may have some pofrweul palrlael prsooscers at work the resaon for this is suerly that idnetiyfing coentnt by paarllel prseocsing speeds up regnicoiton we only need the first and last two letetrs to spot chganes in meniang i m working with an experimental text recognition processing engine that exhibits similar characteristics it can read right through misspellings like the above without any difficulty and as the author above suggested the pattern matching is inherently parallel internally if the text recognition algorithm architecture humans use is anything like the algorithm structure we ve been working with the reason the first letter and to a lesser extent the last letter is important is that without it the text pattern recognition problem is exponentially more difficult from a theoretical standpoint anyway and has to be resolved using deeper abstraction analysis the middle letters are far less important and computationally much easier to resolve correctly cheers james rogers jamesr URL ,0
 save up to NUMBER on life insurance why spend more than you have to life quote savings ensuring your family s financial security is very important life quote savings makes buying life insurance simple and affordable we provide free access to the very best companies and the lowest rates life quote savings is fast easy and saves you money let us help you get started with the best values in the country on new coverage you can save hundreds or even thousands of dollars by requesting a free quote from lifequote savings our service will take you less than NUMBER minutes to complete shop and compare save up to NUMBER on all types of life insurance hyperlink click here for your free quote protecting your family is the best investment you ll ever make if you are in receipt of this email in error and or wish to be removed from our list hyperlink please click here and type remove if you reside in any state which prohibits e mail solicitations for insurance please disregard this email ,1
NUMBER fight the risk of cancer URL NUMBER slim down guaranteed to lose NUMBER NUMBER lbs in NUMBER days URL NUMBER get the child support you deserve free legal advice URL NUMBER join the web s fastest growing singles community URL NUMBER start your private photo album online URL have a wonderful day offer manager prizemama if you wish to leave this list please use the link below URL irish linux users group ilug URL URL for un subscription information list maintainer listmaster URL ,1
NUMBER fight the risk of cancer URL NUMBER slim down guaranteed to lose NUMBER NUMBER lbs in NUMBER days URL NUMBER get the child support you deserve free legal advice URL NUMBER join the web s fastest growing singles community URL NUMBER start your private photo album online URL have a wonderful day offer manager prizemama if you wish to leave this list please use the link below URL ,1
 adult club offers free membership instant access to all sites now your user name and password is user name zzzz URL password NUMBER NUMBER of the best adult sites on the internet for free news NUMBER NUMBER NUMBER with just over NUMBER NUMBER million members that signed up for free last month there were NUMBER NUMBER new members are you one of them yet our membership faq q why are you offering free access to NUMBER adult membership sites for free a i have advertisers that pay me for ad space so you don t have to pay for membership q is it true my membership is for life a absolutely you ll never have to pay a cent the advertisers do q can i give my account to my friends and family a yes as long they are over the age of NUMBER q do i have to sign up for all NUMBER membership sites a no just one to get access to all of them q how do i get started a click on one of the following links below to become a member these are multi million dollar operations with policies and rules fill in the required info and they won t charge you for the free pass if you don t believe us just read their terms and conditions NUMBER adults farm http NUMBER NUMBER NUMBER NUMBER farm aid NUMBER girls and animals getting freaky free lifetime membership NUMBER sexy celebes http NUMBER NUMBER NUMBER NUMBER celebst aid NUMBER thousands of xxx celebes doing it free lifetime membership NUMBER play house porn http NUMBER NUMBER NUMBER NUMBER mega aid NUMBER live feeds from NUMBER sites and web cams free lifetime membership NUMBER asian sex fantasies http NUMBER NUMBER NUMBER NUMBER asian aid NUMBER japanese schoolgirls live sex shows free lifetime membership NUMBER lesbian lace http NUMBER NUMBER NUMBER NUMBER lesbian aid NUMBER girls and girls getting freaky free lifetime membership jennifer simpson miami fl your free lifetime membership has entertained my boyffriend and i for the last two years your adult sites are the best on the net joe morgan manhattan ny your live sex shows and live sex cams are unbelievable the best part about your porn sites is that they re absolutely free removal instructions you have received this advertisement because you have opted in to receive free adult internet offers and specials through our affiliated websites if you do not wish to receive further emails or have received the email in error you may opt out of our database here http NUMBER NUMBER NUMBER NUMBER optout please allow NUMBER hours for removal vonolmosatkirekpups ,1
i thought you might like these NUMBER slim down guaranteed to lose NUMBER NUMBER lbs in NUMBER days URL NUMBER fight the risk of cancer URL NUMBER get the child support you deserve free legal advice URL offer manager daily deals if you wish to leave this list please use the link below URL irish linux users group social events social URL URL for un subscription information list maintainer listmaster URL ,1
a powerhouse gifting program you don t want to miss get in with the founders the major players are on this one for once be where the players are this is your private invitation experts are calling this the fastest way to huge cash flow ever conceived leverage NUMBER NUMBER into NUMBER NUMBER over and over again the question here is you either want to be wealthy or you don t which one are you i am tossing you a financial lifeline and for your sake i hope you grab onto it and hold on tight for the ride of your life testimonials hear what average people are doing their first few days we ve received NUMBER NUMBER in NUMBER day and we are doing that over and over again q s in al i m a single mother in fl and i ve received NUMBER NUMBER in the last NUMBER days d s in fl i was not sure about this when i sent off my NUMBER NUMBER pledge but i got back NUMBER NUMBER the very next day l l in ky i didn t have the money so i found myself a partner to work this with we have received NUMBER NUMBER over the last NUMBER days i think i made the right decision don t you k c in fl i pick up NUMBER NUMBER my first day and i they gave me free leads and all the training you can too j w in ca announcing we will close your sales for you and help you get a fax blast immediately upon your entry you make the money free leads training don t wait call now fax back to NUMBER NUMBER NUMBER NUMBER or call NUMBER NUMBER NUMBER NUMBER name__________________________________phone___________________________________________ fax_____________________________________email____________________________________________ best time to call_________________________time zone________________________________________ this message is sent in compliance of the new e mail bill per section NUMBER paragraph a NUMBER c of s NUMBER further transmissions by the sender of this email may be stopped at no cost to you by sending a reply to this email address with the word remove in the subject line errors omissions and exceptions excluded this is not spam i have compiled this list from our replicate database relative to seattle marketing group the gigt or turbo team for the sole purpose of these communications your continued inclusion is only by your gracious permission if you wish to not receive this mail from me please send an email to tesrewinter URL with remove in the subject and you will be deleted immediately ,1
help wanted we are a NUMBER year old fortune NUMBER company that is growing at a tremendous rate we are looking for individuals who want to work from home this is an opportunity to make an excellent income no experience is required we will train you so if you are looking to be employed from home with a career that has vast opportunities then go URL we are looking for energetic and self motivated people if that is you than click on the link and fill out the form and one of our employement specialist will contact you to be removed from our link simple go to URL NUMBERvolwNUMBER NUMBERdodyNUMBERfrhmNUMBER NUMBERsmfcNUMBERfcsllNUMBER ,1
 hyperlink life can change in an instant that s why it is so important to protect your family s financial future with sufficient life insurance coverage state of residence select state alabama alaska arizona arkansas california colorado connecticut delaware dist of columbia florida georgia hawaii idaho illinois indiana iowa kansas kentucky louisiana maine maryland massachusetts michigan minnesota mississippi missouri montana nebraska nevada new hampshire new jersey new mexico new york north carolina north dakota ohio oklahoma oregon pennsylvania rhode island south carolina south dakota tennessee texas utah vermont virginia washington west virginia wisconsin wyoming date of birth mm dd yy mm NUMBER NUMBER NUMBER NUMBER NUMBER NUMBER NUMBER NUMBER NUMBER NUMBER NUMBER NUMBER dd NUMBER NUMBER NUMBER NUMBER NUMBER NUMBER NUMBER NUMBER NUMBER NUMBER NUMBER NUMBER NUMBER NUMBER NUMBER NUMBER NUMBER NUMBER NUMBER NUMBER NUMBER NUMBER NUMBER NUMBER NUMBER NUMBER NUMBER NUMBER NUMBER NUMBER NUMBER yy NUMBER NUMBER NUMBER NUMBER NUMBER NUMBER NUMBER NUMBER NUMBER NUMBER NUMBER NUMBER NUMBER NUMBER NUMBER NUMBER NUMBER NUMBER NUMBER NUMBER NUMBER NUMBER NUMBER NUMBER NUMBER NUMBER NUMBER NUMBER NUMBER NUMBER NUMBER NUMBER NUMBER NUMBER NUMBER NUMBER NUMBER NUMBER NUMBER NUMBER NUMBER NUMBER NUMBER NUMBER NUMBER NUMBER NUMBER NUMBER NUMBER NUMBER NUMBER NUMBER NUMBER NUMBER NUMBER NUMBER NUMBER NUMBER NUMBER NUMBER NUMBER NUMBER NUMBER NUMBER NUMBER NUMBER NUMBER NUMBER NUMBER NUMBER NUMBER NUMBER sex male female have you used any tobacco products in the last NUMBER months no yes coverage amount select amount NUMBER NUMBER NUMBER NUMBER NUMBER NUMBER NUMBER NUMBER NUMBER NUMBER NUMBER NUMBER NUMBER NUMBER NUMBER NUMBER NUMBER NUMBER NUMBER NUMBER NUMBER NUMBER NUMBER NUMBER NUMBER NUMBER NUMBER NUMBER NUMBER NUMBER NUMBER NUMBER NUMBER NUMBER NUMBER NUMBER NUMBER NUMBER NUMBER NUMBER NUMBER NUMBER NUMBER NUMBER NUMBER NUMBER NUMBER NUMBER NUMBER NUMBER NUMBER NUMBER NUMBER NUMBER NUMBER NUMBER NUMBER NUMBER NUMBER NUMBER NUMBER NUMBER NUMBER NUMBER NUMBER NUMBER NUMBER NUMBER NUMBER NUMBER NUMBER NUMBER NUMBER NUMBER NUMBER NUMBER NUMBER NUMBER NUMBER NUMBER NUMBER NUMBER NUMBER NUMBER NUMBER NUMBER NUMBER NUMBER NUMBER NUMBER NUMBER NUMBER NUMBER NUMBER NUMBER NUMBER NUMBER NUMBER NUMBER NUMBER NUMBER NUMBER NUMBER NUMBER NUMBER NUMBER NUMBER NUMBER NUMBER NUMBER NUMBER NUMBER NUMBER NUMBER NUMBER NUMBER NUMBER NUMBER how long do you need the coverage select year NUMBER years NUMBER years NUMBER years NUMBER years NUMBER years NUMBER years hyperlink reliaquote makes it easy and affordable we can instantly provide you with free quotes from highly rated insurance companies save up to hyperlink on life insurance hyperlink compare quotes today there is nothing more important than protecting their future copyright NUMBER reliaquote inc all rights reserved you are receiving this mailing because you are a member of URL and subscribed as jm URL to unsubscribe hyperlink click here URL or reply to this email with remove in the subject line you must also include the body of this message to be unsubscribed any correspondence about the products services should be directed to the company in the ad em jm URL em ,1
tired of the bull out there want to stop losing money want a real money maker receive NUMBER NUMBER NUMBER NUMBER today experts are calling this the fastest way to huge cash flow ever conceived a powerhouse gifting program you don t want to miss we work as a team this is your private invitation get in with the founders this is where the big boys play the major players are on this one for once be where the players are this is a system that will drive NUMBER NUMBER s to your doorstep in a short period of time leverage NUMBER NUMBER into NUMBER NUMBER over and over again the question here is you either want to be wealthy or you don t which one are you i am tossing you a financial lifeline and for your sake i hope you grab onto it and hold on tight for the ride of your life testimonials hear what average people are doing their first few days we ve received NUMBER NUMBER in NUMBER day and we are doing that over and over again q s in al i m a single mother in fl and i ve received NUMBER NUMBER in the last NUMBER days d s in fl i was not sure about this when i sent off my NUMBER NUMBER pledge but i got back NUMBER NUMBER the very next day l l in ky i didn t have the money so i found myself a partner to work this with we have received NUMBER NUMBER over the last NUMBER days i think i made the right decision don t you k c in fl i pick up NUMBER NUMBER my first day and i they gave me free leads and all the training you can too j w in ca this will be the most important call you make this year free leads training announcing we will close your sales for you and help you get a fax blast immediately upon your entry you make the money free leads training don t wait call now NUMBER NUMBER NUMBER NUMBER print and fax to NUMBER NUMBER NUMBER NUMBER or send an email requesting more information to successleads URL please include your name and telephone number receive NUMBER NUMBER free leads just for responding a NUMBER NUMBER value name___________________________________ phone___________________________________ fax_____________________________________ email___________________________________ this message is sent in compliance of the new e mail bill per section NUMBER paragraph a NUMBER c of s NUMBER further transmissions by the sender of this email may be stopped at no cost to you by sending a reply to this email address with the word remove in the subject line errors omissions and exceptions excluded this is not spam i have compiled this list from our replicate database relative to seattle marketing group the gigt or turbo team for the sole purpose of these communications your continued inclusion is only by your gracious permission if you wish to not receive this mail from me please send an email to tesrewinter URL with remove in the subject and you will be deleted immediately ,1
dear ricardoNUMBER cost effective direct email advertising promote your business for as low as NUMBER per NUMBER million email addresses maximize your marketing dollars complete and fax this information form to NUMBER NUMBER NUMBER a consultant will contact you to discuss your marketing needs name ___________________________________________________________________ company _______________________________________________________________ address ________________________________________________________________ city _____________________________________________________________________ state ___________________________________________________________________ phone ___________________________________________________________________ e mail __________________________________________________________________ website not required _______________________________________________________ ___________________________________________________________________________ ___________________________________________________________________________ comments provide details pricing etc on the products and services you wish to market ___________________________________________________________________________ ___________________________________________________________________________ ___________________________________________________________________________ ___________________________________________________________________________ NUMBER poNUMBER kj _NUMBERjNUMBERbjkNUMBER h tgNUMBERbkNUMBERnkiysNUMBER ,1
